-- PostgreSQL schema for Hospital Management System
-- Create database hospital_hms first in pgAdmin, then run this script inside that database.

DROP VIEW IF EXISTS view_current_appointments CASCADE;
DROP VIEW IF EXISTS completed_appointments CASCADE;
DROP VIEW IF EXISTS active_appointments CASCADE;

DROP TABLE IF EXISTS payment_transactions CASCADE;
DROP TABLE IF EXISTS prescriptions CASCADE;
DROP TABLE IF EXISTS appointment_transfers CASCADE;
DROP TABLE IF EXISTS past_appointments CASCADE;
DROP TABLE IF EXISTS current_appointments CASCADE;
DROP TABLE IF EXISTS tblpatient CASCADE;
DROP TABLE IF EXISTS patients CASCADE;
DROP TABLE IF EXISTS doctorslog CASCADE;
DROP TABLE IF EXISTS userlog CASCADE;
DROP TABLE IF EXISTS doctors CASCADE;
DROP TABLE IF EXISTS doctorspecialization CASCADE;
DROP TABLE IF EXISTS users CASCADE;
DROP TABLE IF EXISTS admin CASCADE;

DROP TYPE IF EXISTS payment_option_enum CASCADE;
DROP TYPE IF EXISTS patient_type_enum CASCADE;

CREATE TYPE payment_option_enum AS ENUM ('PayNow', 'PayLater', 'BookOnly');
CREATE TYPE patient_type_enum AS ENUM ('consultancy', 'admitted', 'emergency');

CREATE OR REPLACE FUNCTION set_updationdate()
RETURNS TRIGGER AS $$
BEGIN
    NEW.updationdate = CURRENT_TIMESTAMP;
    RETURN NEW;
END;
$$ LANGUAGE plpgsql;

CREATE OR REPLACE FUNCTION set_updatedat()
RETURNS TRIGGER AS $$
BEGIN
    NEW.updatedat = CURRENT_TIMESTAMP;
    RETURN NEW;
END;
$$ LANGUAGE plpgsql;

CREATE TABLE admin (
    id integer GENERATED BY DEFAULT AS IDENTITY PRIMARY KEY,
    username varchar(255) NOT NULL,
    password varchar(255) NOT NULL,
    updationdate varchar(255) NOT NULL
);

CREATE TABLE users (
    id integer GENERATED BY DEFAULT AS IDENTITY PRIMARY KEY,
    fullname varchar(255),
    address text,
    city varchar(255),
    gender varchar(255),
    email varchar(255),
    password varchar(255),
    regdate timestamp DEFAULT CURRENT_TIMESTAMP,
    updationdate timestamp
);

CREATE TABLE userlog (
    id integer GENERATED BY DEFAULT AS IDENTITY PRIMARY KEY,
    uid integer,
    username varchar(255),
    userip varchar(45),
    logintime timestamp DEFAULT CURRENT_TIMESTAMP,
    logout varchar(255),
    status integer
);

CREATE TABLE doctorspecialization (
    id integer GENERATED BY DEFAULT AS IDENTITY PRIMARY KEY,
    specialization varchar(255),
    creationdate timestamp DEFAULT CURRENT_TIMESTAMP,
    updationdate timestamp
);

CREATE TABLE doctors (
    id integer GENERATED BY DEFAULT AS IDENTITY PRIMARY KEY,
    specialization integer,
    doctorname varchar(255),
    address text,
    docfees varchar(255),
    contactno bigint,
    docemail varchar(255),
    password varchar(255),
    creationdate timestamp DEFAULT CURRENT_TIMESTAMP,
    updationdate timestamp,
    CONSTRAINT fk_specialization FOREIGN KEY (specialization) REFERENCES doctorspecialization(id)
);

CREATE TABLE doctorslog (
    id integer GENERATED BY DEFAULT AS IDENTITY PRIMARY KEY,
    uid integer,
    username varchar(255),
    userip varchar(45),
    logintime timestamp DEFAULT CURRENT_TIMESTAMP,
    logout varchar(255),
    status integer
);

CREATE TABLE patients (
    id integer GENERATED BY DEFAULT AS IDENTITY PRIMARY KEY,
    userid integer NOT NULL,
    doctorid integer,
    patientname varchar(255) NOT NULL,
    patientemail varchar(255),
    patientphone bigint,
    patientgender varchar(50),
    patientage integer,
    patientaddress text,
    patienttype patient_type_enum DEFAULT 'consultancy',
    status varchar(30) DEFAULT 'Active',
    isemergency smallint DEFAULT 0,
    admissiondate timestamp,
    dischargedate timestamp,
    notes text,
    createdat timestamp DEFAULT CURRENT_TIMESTAMP,
    updatedat timestamp
);

CREATE TABLE tblpatient (
    id integer GENERATED BY DEFAULT AS IDENTITY PRIMARY KEY,
    docid integer,
    patientname varchar(200),
    patientcontno bigint,
    patientemail varchar(200),
    patientgender varchar(50),
    patientadd text,
    patientage integer,
    creationdate timestamp DEFAULT CURRENT_TIMESTAMP,
    updationdate timestamp
);

CREATE TABLE current_appointments (
    id integer GENERATED BY DEFAULT AS IDENTITY PRIMARY KEY,
    doctorspecialization varchar(255),
    doctorid integer,
    userid integer,
    patientid integer,
    consultancyfees integer,
    appointmentdate varchar(255),
    appointmenttime varchar(255),
    postingdate timestamp DEFAULT CURRENT_TIMESTAMP,
    userstatus integer,
    doctorstatus integer,
    visitstatus varchar(30) NOT NULL DEFAULT 'Scheduled',
    checkintime timestamp,
    checkouttime timestamp,
    prescription text,
    paymentstatus varchar(20) NOT NULL DEFAULT 'Pending',
    paymentref varchar(64),
    paidat timestamp,
    appointmenttype varchar(50) DEFAULT 'Online',
    paymentoption payment_option_enum DEFAULT 'PayLater',
    updationdate timestamp
);

CREATE TABLE past_appointments (
    id integer GENERATED BY DEFAULT AS IDENTITY PRIMARY KEY,
    doctorspecialization varchar(255),
    doctorid integer,
    userid integer,
    patientid integer,
    consultancyfees integer,
    appointmentdate varchar(255),
    appointmenttime varchar(255),
    postingdate timestamp DEFAULT CURRENT_TIMESTAMP,
    userstatus integer,
    doctorstatus integer,
    visitstatus varchar(30) NOT NULL DEFAULT 'Scheduled',
    checkintime timestamp,
    checkouttime timestamp,
    prescription text,
    paymentstatus varchar(20) NOT NULL DEFAULT 'Pending',
    paymentref varchar(64),
    paidat timestamp,
    appointmenttype varchar(50) DEFAULT 'Online',
    updationdate timestamp,
    originalappointmentid integer NOT NULL DEFAULT 0,
    sourcetable varchar(64) NOT NULL DEFAULT '',
    archivedat timestamp
);

CREATE TABLE appointment_transfers (
    id integer GENERATED BY DEFAULT AS IDENTITY PRIMARY KEY,
    originalappointmentid integer NOT NULL,
    transferredappointmentid integer,
    patientid integer NOT NULL,
    doctorid integer NOT NULL,
    fromtype varchar(50) DEFAULT 'consultancy',
    totype varchar(50) DEFAULT 'admitted',
    transferreason varchar(255),
    transferdate timestamp DEFAULT CURRENT_TIMESTAMP,
    transferredat timestamp DEFAULT CURRENT_TIMESTAMP
);

CREATE TABLE prescriptions (
    id integer GENERATED BY DEFAULT AS IDENTITY PRIMARY KEY,
    patient_id integer NOT NULL,
    doctor_id integer NOT NULL,
    appointment_id integer NOT NULL,
    temperature varchar(20),
    blood_pressure varchar(30),
    pulse varchar(20),
    weight varchar(20),
    symptoms text,
    diagnosis text,
    tests text,
    notes text,
    medicines text,
    patient_name varchar(255),
    doctor_name varchar(255),
    next_visit_date date,
    created_at timestamp DEFAULT CURRENT_TIMESTAMP
);

CREATE TABLE payment_transactions (
    id integer GENERATED BY DEFAULT AS IDENTITY PRIMARY KEY,
    appointmentid integer NOT NULL,
    userid integer NOT NULL,
    patientid integer,
    amount decimal(10,2) NOT NULL,
    paymentref varchar(64),
    paymentstatus varchar(20) DEFAULT 'Pending',
    paymentmethod varchar(50) DEFAULT 'Online',
    transactiondate timestamp,
    createdat timestamp DEFAULT CURRENT_TIMESTAMP,
    updatedat timestamp
);

CREATE INDEX idx_users_email ON users(email);
CREATE INDEX idx_current_appointments_userid ON current_appointments(userid);
CREATE INDEX idx_current_appointments_doctorid ON current_appointments(doctorid);
CREATE INDEX idx_current_appointments_patientid ON current_appointments(patientid);
CREATE INDEX idx_current_appointments_visitstatus ON current_appointments(visitstatus);
CREATE INDEX idx_past_appointments_userid ON past_appointments(userid);
CREATE INDEX idx_past_appointments_doctorid ON past_appointments(doctorid);
CREATE INDEX idx_patients_userid ON patients(userid);
CREATE INDEX idx_patients_doctorid ON patients(doctorid);
CREATE INDEX idx_prescriptions_appointment_id ON prescriptions(appointment_id);
CREATE INDEX idx_prescriptions_patient_id ON prescriptions(patient_id);
CREATE INDEX idx_prescriptions_doctor_id ON prescriptions(doctor_id);
CREATE INDEX idx_payment_transactions_appointmentid ON payment_transactions(appointmentid);

INSERT INTO admin (id, username, password, updationdate) VALUES
(1, 'admin', 'admin', '2026-04-05 10:00:00');

INSERT INTO users (id, fullname, address, city, gender, email, password, regdate, updationdate) VALUES
(1, 'Amit Shah', 'Andheri East', 'Mumbai', 'Male', 'amit@gmail.com', 'amit123', '2026-03-23 04:33:32', NULL),
(2, 'Neha Mehta', 'Connaught Place', 'Delhi', 'Female', 'neha@gmail.com', 'neha123', '2026-03-23 04:33:32', NULL),
(3, 'Siddharth Rao', 'Whitefield', 'Bangalore', 'Male', 'sid@gmail.com', '12345', '2026-03-23 04:34:40', NULL);

INSERT INTO doctorspecialization (id, specialization, creationdate, updationdate) VALUES
(1, 'Dentist', '2026-03-23 04:11:49', NULL),
(2, 'Cardiologist', '2026-03-23 04:11:49', NULL),
(3, 'Dermatologist', '2026-03-23 04:11:49', NULL),
(4, 'Neurologist', '2026-03-23 04:11:49', NULL),
(5, 'General Physician', '2026-03-23 04:11:49', NULL);

INSERT INTO doctors (id, specialization, doctorname, address, docfees, contactno, docemail, password, creationdate, updationdate) VALUES
(1, 1, 'Dr. Rajesh Sharma', 'Mumbai', '800', 9876543201, 'doctor1@gmail.com', 'doctor1', '2026-03-23 04:10:01', NULL),
(2, 2, 'Dr. Neha Mehta', 'Delhi', '900', 9876543202, 'doctor2@gmail.com', 'doctor2', '2026-03-23 04:10:01', NULL),
(3, 3, 'Dr. Amit Verma', 'Pune', '700', 9876543203, 'doctor3@gmail.com', 'doctor3', '2026-03-23 04:10:01', NULL),
(4, 4, 'Dr. Priya Singh', 'Bangalore', '1000', 9876543204, 'doctor4@gmail.com', 'doctor4', '2026-03-23 04:10:01', NULL);

INSERT INTO patients (id, userid, doctorid, patientname, patientemail, patientphone, patientgender, patientage, patientaddress, patienttype, status, isemergency, admissiondate, dischargedate, notes, createdat, updatedat) VALUES
(1, 1, 1, 'Amit Shah', 'amit@gmail.com', 9876600001, 'Male', 27, 'Mumbai', 'consultancy', 'Active', 0, NULL, NULL, 'Routine check', '2026-03-23 04:34:30', NULL),
(2, 2, 2, 'Neha Mehta', 'neha@gmail.com', 9876600002, 'Female', 31, 'Delhi', 'admitted', 'Active', 1, '2026-03-23 10:04:30', NULL, 'Cardio observation', '2026-03-23 04:34:30', NULL),
(3, 3, 4, 'Siddharth Rao', 'sid@gmail.com', 9876600003, 'Male', 22, 'Bangalore', 'consultancy', 'Active', 0, NULL, NULL, 'Neurology review', '2026-03-23 04:34:30', NULL);

INSERT INTO tblpatient (id, docid, patientname, patientcontno, patientemail, patientgender, patientadd, patientage, creationdate, updationdate) VALUES
(1, 1, 'Amit Shah', 9876600001, 'amit@gmail.com', 'Male', 'Mumbai', 27, '2026-03-23 04:34:50', NULL),
(2, 2, 'Neha Mehta', 9876600002, 'neha@gmail.com', 'Female', 'Delhi', 31, '2026-03-23 04:34:50', NULL),
(3, 4, 'Siddharth Rao', 9876600003, 'sid@gmail.com', 'Male', 'Bangalore', 22, '2026-03-23 04:34:50', NULL);

INSERT INTO current_appointments (id, doctorspecialization, doctorid, userid, patientid, consultancyfees, appointmentdate, appointmenttime, postingdate, userstatus, doctorstatus, visitstatus, checkintime, checkouttime, prescription, paymentstatus, paymentref, paidat, appointmenttype, paymentoption, updationdate) VALUES
(1, 'Dentist', 1, 1, 1, 500, '2026-04-10', '13:00', '2026-04-05 09:00:00', 1, 1, 'Scheduled', NULL, NULL, NULL, 'Pending', NULL, NULL, 'Online', 'PayLater', NULL),
(2, 'Cardiologist', 2, 2, 2, 900, '2026-04-11', '15:30', '2026-04-05 09:10:00', 1, 1, 'Scheduled', NULL, NULL, NULL, 'Paid', 'TXN-2001', '2026-04-05 10:20:00', 'Online', 'PayNow', '2026-04-05 10:20:00'),
(3, 'Neurologist', 4, 3, 3, 1000, '2026-04-12', '11:00', '2026-04-05 09:15:00', 1, 1, 'Checked In', '2026-04-12 10:55:00', NULL, 'Initial assessment', 'Paid', 'TXN-3001', '2026-04-05 10:40:00', 'Online', 'BookOnly', '2026-04-05 10:40:00');

INSERT INTO past_appointments (id, doctorspecialization, doctorid, userid, patientid, consultancyfees, appointmentdate, appointmenttime, postingdate, userstatus, doctorstatus, visitstatus, checkintime, checkouttime, prescription, paymentstatus, paymentref, paidat, appointmenttype, updationdate, originalappointmentid, sourcetable, archivedat) VALUES
(4, 'Dentist', 1, 1, 1, 500, '2026-04-01', '12:00', '2026-04-01 09:00:00', 1, 1, 'Completed', '2026-04-01 11:55:00', '2026-04-01 12:20:00', 'Diagnosis: tooth pain | Medicines: 1', 'Paid', 'TXN-1001', '2026-04-01 12:20:00', 'Online', '2026-04-01 12:20:00', 4, 'current_appointments', '2026-04-01 12:20:00'),
(5, 'Dermatologist', 3, 2, 2, 700, '2026-04-02', '16:00', '2026-04-02 10:00:00', 0, 1, 'Cancelled', NULL, NULL, NULL, 'Pending', NULL, NULL, 'Online', '2026-04-02 11:00:00', 5, 'current_appointments', '2026-04-02 11:00:00');

INSERT INTO prescriptions (id, patient_id, doctor_id, appointment_id, temperature, blood_pressure, pulse, weight, symptoms, diagnosis, tests, notes, medicines, patient_name, doctor_name, next_visit_date, created_at) VALUES
(1, 1, 1, 4, '98', '120/80', '78', '72', 'Tooth ache', 'Tooth pain', 'X-Ray', 'Needs review', 'Medicine: Calpol | Dosage: 500 | Frequency: 1-1-1 | Duration: 3 | Instructions: After Food', 'Amit Shah', 'Dr. Rajesh Sharma', '2026-04-15', '2026-04-01 12:20:00');

INSERT INTO payment_transactions (id, appointmentid, userid, patientid, amount, paymentref, paymentstatus, paymentmethod, transactiondate, createdat, updatedat) VALUES
(1, 2, 2, 2, 900.00, 'TXN-2001', 'Paid', 'Online', '2026-04-05 10:20:00', '2026-04-05 10:20:00', NULL),
(2, 3, 3, 3, 1000.00, 'TXN-3001', 'Paid', 'Online', '2026-04-05 10:40:00', '2026-04-05 10:40:00', NULL);

INSERT INTO appointment_transfers (id, originalappointmentid, transferredappointmentid, patientid, doctorid, fromtype, totype, transferreason, transferdate, transferredat) VALUES
(1, 4, NULL, 1, 1, 'consultancy', 'admitted', 'Observation after procedure', '2026-04-01 12:25:00', '2026-04-01 12:25:00');

SELECT setval(pg_get_serial_sequence('admin', 'id'), COALESCE((SELECT MAX(id) FROM admin), 1), true);
SELECT setval(pg_get_serial_sequence('users', 'id'), COALESCE((SELECT MAX(id) FROM users), 1), true);
SELECT setval(pg_get_serial_sequence('userlog', 'id'), COALESCE((SELECT MAX(id) FROM userlog), 1), true);
SELECT setval(pg_get_serial_sequence('doctorspecialization', 'id'), COALESCE((SELECT MAX(id) FROM doctorspecialization), 1), true);
SELECT setval(pg_get_serial_sequence('doctors', 'id'), COALESCE((SELECT MAX(id) FROM doctors), 1), true);
SELECT setval(pg_get_serial_sequence('doctorslog', 'id'), COALESCE((SELECT MAX(id) FROM doctorslog), 1), true);
SELECT setval(pg_get_serial_sequence('patients', 'id'), COALESCE((SELECT MAX(id) FROM patients), 1), true);
SELECT setval(pg_get_serial_sequence('tblpatient', 'id'), COALESCE((SELECT MAX(id) FROM tblpatient), 1), true);
SELECT setval(pg_get_serial_sequence('current_appointments', 'id'), COALESCE((SELECT MAX(id) FROM current_appointments), 1), true);
SELECT setval(pg_get_serial_sequence('past_appointments', 'id'), COALESCE((SELECT MAX(id) FROM past_appointments), 1), true);
SELECT setval(pg_get_serial_sequence('appointment_transfers', 'id'), COALESCE((SELECT MAX(id) FROM appointment_transfers), 1), true);
SELECT setval(pg_get_serial_sequence('prescriptions', 'id'), COALESCE((SELECT MAX(id) FROM prescriptions), 1), true);
SELECT setval(pg_get_serial_sequence('payment_transactions', 'id'), COALESCE((SELECT MAX(id) FROM payment_transactions), 1), true);

CREATE OR REPLACE VIEW active_appointments AS
SELECT *
FROM current_appointments
WHERE userstatus = 1
  AND doctorstatus = 1
  AND COALESCE(visitstatus, 'Scheduled') IN ('Scheduled', 'Checked In');

CREATE OR REPLACE VIEW completed_appointments AS
SELECT id, doctorspecialization, doctorid, userid, patientid, consultancyfees, appointmentdate, appointmenttime,
       postingdate, userstatus, doctorstatus, visitstatus, checkintime, checkouttime, prescription,
       paymentstatus, paymentref, paidat, appointmenttype, updationdate
FROM past_appointments
WHERE visitstatus IN ('Completed', 'Cancelled')
   OR userstatus = 0
   OR doctorstatus = 0;

CREATE OR REPLACE VIEW view_current_appointments AS
SELECT ca.id,
       ca.doctorspecialization,
       ca.doctorid,
       ca.userid,
       ca.patientid,
       ca.consultancyfees,
       ca.appointmentdate,
       ca.appointmenttime,
       ca.postingdate,
       ca.userstatus,
       ca.doctorstatus,
       ca.visitstatus,
       ca.checkintime,
       ca.checkouttime,
       ca.prescription,
       ca.paymentstatus,
       ca.paymentref,
       ca.paidat,
       ca.appointmenttype,
       ca.paymentoption,
       u.fullname AS username,
       u.email AS useremail,
       d.doctorname AS doctorname
FROM current_appointments ca
LEFT JOIN users u ON ca.userid = u.id
LEFT JOIN doctors d ON ca.doctorid = d.id;

CREATE TRIGGER trg_users_updationdate
BEFORE UPDATE ON users
FOR EACH ROW
EXECUTE FUNCTION set_updationdate();

CREATE TRIGGER trg_doctors_updationdate
BEFORE UPDATE ON doctors
FOR EACH ROW
EXECUTE FUNCTION set_updationdate();

CREATE TRIGGER trg_doctorspecialization_updationdate
BEFORE UPDATE ON doctorspecialization
FOR EACH ROW
EXECUTE FUNCTION set_updationdate();

CREATE TRIGGER trg_current_appointments_updationdate
BEFORE UPDATE ON current_appointments
FOR EACH ROW
EXECUTE FUNCTION set_updationdate();

CREATE TRIGGER trg_past_appointments_updationdate
BEFORE UPDATE ON past_appointments
FOR EACH ROW
EXECUTE FUNCTION set_updationdate();

CREATE TRIGGER trg_patients_updatedat
BEFORE UPDATE ON patients
FOR EACH ROW
EXECUTE FUNCTION set_updatedat();

CREATE TRIGGER trg_payment_transactions_updatedat
BEFORE UPDATE ON payment_transactions
FOR EACH ROW
EXECUTE FUNCTION set_updatedat();
